sistema,tarifa,año,q,p,tipo de tarifa,frecuencia,notas
CDMX,CDMX Doméstica Única 2004,2004,0,13.23,1,2,CDMX Doméstica Única
CDMX,CDMX Doméstica Única 2004,2004,10,0,1,2,CDMX Doméstica Única
CDMX,CDMX Doméstica Única 2004,2004,20,1.55,1,2,CDMX Doméstica Única
CDMX,CDMX Doméstica Única 2004,2004,30,1.81,1,2,CDMX Doméstica Única
CDMX,CDMX Doméstica Única 2004,2004,50,3.45,1,2,CDMX Doméstica Única
CDMX,CDMX Doméstica Única 2004,2004,70,4.41,1,2,CDMX Doméstica Única
CDMX,CDMX Doméstica Única 2004,2004,90,6.91,1,2,CDMX Doméstica Única
CDMX,CDMX Doméstica Única 2004,2004,120,11.06,1,2,CDMX Doméstica Única
CDMX,CDMX Doméstica Única 2004,2004,180,14.88,1,2,CDMX Doméstica Única
CDMX,CDMX Doméstica Única 2004,2004,240,21.42,1,2,CDMX Doméstica Única
CDMX,CDMX Doméstica Única 2004,2004,420,24.62,1,2,CDMX Doméstica Única
CDMX,CDMX Doméstica Única 2004,2004,660,28.69,1,2,CDMX Doméstica Única
CDMX,CDMX Doméstica Única 2004,2004,960,31.01,1,2,CDMX Doméstica Única
CDMX,CDMX Doméstica Única 2004,2004,1500,35.65,1,2,CDMX Doméstica Única
CDMX,CDMX No Doméstica 2004,2004,0,79.43,1,2,CDMX No Doméstica
CDMX,CDMX No Doméstica 2004,2004,10,0,1,2,CDMX No Doméstica
CDMX,CDMX No Doméstica 2004,2004,20,7.935,1,2,CDMX No Doméstica.  Error en código financiero
CDMX,CDMX No Doméstica 2004,2004,30,7.944,1,2,CDMX No Doméstica.  Error en código financiero
CDMX,CDMX No Doméstica 2004,2004,60,11.8,1,2,CDMX No Doméstica
CDMX,CDMX No Doméstica 2004,2004,90,15.34,1,2,CDMX No Doméstica
CDMX,CDMX No Doméstica 2004,2004,120,18.9,1,2,CDMX No Doméstica
CDMX,CDMX No Doméstica 2004,2004,240,22.43,1,2,CDMX No Doméstica
CDMX,CDMX No Doméstica 2004,2004,420,25.97,1,2,CDMX No Doméstica
CDMX,CDMX No Doméstica 2004,2004,660,29.51,1,2,CDMX No Doméstica
CDMX,CDMX No Doméstica 2004,2004,960,33.23,1,2,CDMX No Doméstica
CDMX,CDMX No Doméstica 2004,2004,1500,37.21,1,2,CDMX No Doméstica
CDMX,CDMX No Doméstica 2004,2004,5000,38.18,1,2,CDMX No Doméstica
CDMX,CDMX Doméstica Única 2005,2005,0,13.95,1,2,CDMX Doméstica Única
CDMX,CDMX Doméstica Única 2005,2005,10,0,1,2,CDMX Doméstica Única
CDMX,CDMX Doméstica Única 2005,2005,20,1.6,1,2,CDMX Doméstica Única
CDMX,CDMX Doméstica Única 2005,2005,30,1.91,1,2,CDMX Doméstica Única
CDMX,CDMX Doméstica Única 2005,2005,50,3.62,1,2,CDMX Doméstica Única
CDMX,CDMX Doméstica Única 2005,2005,70,4.62,1,2,CDMX Doméstica Única
CDMX,CDMX Doméstica Única 2005,2005,90,7.29,1,2,CDMX Doméstica Única
CDMX,CDMX Doméstica Única 2005,2005,120,11.65,1,2,CDMX Doméstica Única
CDMX,CDMX Doméstica Única 2005,2005,180,15.67,1,2,CDMX Doméstica Única
CDMX,CDMX Doméstica Única 2005,2005,240,22.55,1,2,CDMX Doméstica Única
CDMX,CDMX Doméstica Única 2005,2005,420,25.92,1,2,CDMX Doméstica Única
CDMX,CDMX Doméstica Única 2005,2005,660,30.24,1,2,CDMX Doméstica Única
CDMX,CDMX Doméstica Única 2005,2005,960,32.65,1,2,CDMX Doméstica Única
CDMX,CDMX Doméstica Única 2005,2005,1500,37.58,1,2,CDMX Doméstica Única
CDMX,CDMX Doméstica Única 2005,2005,2000,41.34,1,2,CDMX Doméstica Única
CDMX,CDMX No Doméstica 2005,2005,0,90.31,1,2,CDMX No Doméstica
CDMX,CDMX No Doméstica 2005,2005,10,0,1,2,CDMX No Doméstica
CDMX,CDMX No Doméstica 2005,2005,20,8.366,1,2,CDMX No Doméstica.  Error en código financiero
CDMX,CDMX No Doméstica 2005,2005,30,8.376,1,2,CDMX No Doméstica.  Error en código financiero
CDMX,CDMX No Doméstica 2005,2005,60,12.41,1,2,CDMX No Doméstica
CDMX,CDMX No Doméstica 2005,2005,90,16.17,1,2,CDMX No Doméstica
CDMX,CDMX No Doméstica 2005,2005,120,19.9,1,2,CDMX No Doméstica
CDMX,CDMX No Doméstica 2005,2005,240,23.61,1,2,CDMX No Doméstica
CDMX,CDMX No Doméstica 2005,2005,420,27.38,1,2,CDMX No Doméstica
CDMX,CDMX No Doméstica 2005,2005,660,31.09,1,2,CDMX No Doméstica
CDMX,CDMX No Doméstica 2005,2005,960,35.01,1,2,CDMX No Doméstica
CDMX,CDMX No Doméstica 2005,2005,1500,39.23,1,2,CDMX No Doméstica
CDMX,CDMX No Doméstica 2005,2005,5000,40.23,1,2,CDMX No Doméstica
CDMX,CDMX Doméstica Única 2006,2006,0,14.52,1,2,CDMX Doméstica Única
CDMX,CDMX Doméstica Única 2006,2006,10,0,1,2,CDMX Doméstica Única
CDMX,CDMX Doméstica Única 2006,2006,20,1.66,1,2,CDMX Doméstica Única
CDMX,CDMX Doméstica Única 2006,2006,30,1.98,1,2,CDMX Doméstica Única
CDMX,CDMX Doméstica Única 2006,2006,50,3.77,1,2,CDMX Doméstica Única
CDMX,CDMX Doméstica Única 2006,2006,70,4.81,1,2,CDMX Doméstica Única
CDMX,CDMX Doméstica Única 2006,2006,90,7.59,1,2,CDMX Doméstica Única
CDMX,CDMX Doméstica Única 2006,2006,120,12.13,1,2,CDMX Doméstica Única
CDMX,CDMX Doméstica Única 2006,2006,180,16.31,1,2,CDMX Doméstica Única
CDMX,CDMX Doméstica Única 2006,2006,240,23.48,1,2,CDMX Doméstica Única
CDMX,CDMX Doméstica Única 2006,2006,420,26.99,1,2,CDMX Doméstica Única
CDMX,CDMX Doméstica Única 2006,2006,660,31.49,1,2,CDMX Doméstica Única
CDMX,CDMX Doméstica Única 2006,2006,960,34,1,2,CDMX Doméstica Única
CDMX,CDMX Doméstica Única 2006,2006,1500,39.13,1,2,CDMX Doméstica Única
CDMX,CDMX Doméstica Única 2006,2006,2000,43.05,1,2,CDMX Doméstica Única
CDMX,CDMX No Doméstica 2006,2006,0,90.31,1,2,CDMX No Doméstica
CDMX,CDMX No Doméstica 2006,2006,10,0,1,2,CDMX No Doméstica
CDMX,CDMX No Doméstica 2006,2006,20,8.712,1,2,CDMX No Doméstica.  Error en código financiero
CDMX,CDMX No Doméstica 2006,2006,30,8.723,1,2,CDMX No Doméstica.  Error en código financiero
CDMX,CDMX No Doméstica 2006,2006,60,12.92,1,2,CDMX No Doméstica
CDMX,CDMX No Doméstica 2006,2006,90,16.84,1,2,CDMX No Doméstica
CDMX,CDMX No Doméstica 2006,2006,120,20.72,1,2,CDMX No Doméstica
CDMX,CDMX No Doméstica 2006,2006,240,24.58,1,2,CDMX No Doméstica
CDMX,CDMX No Doméstica 2006,2006,420,28.51,1,2,CDMX No Doméstica
CDMX,CDMX No Doméstica 2006,2006,660,32.37,1,2,CDMX No Doméstica
CDMX,CDMX No Doméstica 2006,2006,960,36.46,1,2,CDMX No Doméstica
CDMX,CDMX No Doméstica 2006,2006,1500,40.85,1,2,CDMX No Doméstica
CDMX,CDMX No Doméstica 2006,2006,5000,41.89,1,2,CDMX No Doméstica
CDMX,CDMX Doméstica Única 2007,2007,0,15.04,1,2,CDMX Doméstica Única
CDMX,CDMX Doméstica Única 2007,2007,10,0,1,2,CDMX Doméstica Única
CDMX,CDMX Doméstica Única 2007,2007,20,1.72,1,2,CDMX Doméstica Única
CDMX,CDMX Doméstica Única 2007,2007,30,2.05,1,2,CDMX Doméstica Única
CDMX,CDMX Doméstica Única 2007,2007,50,3.9,1,2,CDMX Doméstica Única
CDMX,CDMX Doméstica Única 2007,2007,70,4.98,1,2,CDMX Doméstica Única
CDMX,CDMX Doméstica Única 2007,2007,90,7.86,1,2,CDMX Doméstica Única
CDMX,CDMX Doméstica Única 2007,2007,120,12.56,1,2,CDMX Doméstica Única
CDMX,CDMX Doméstica Única 2007,2007,180,16.89,1,2,CDMX Doméstica Única
CDMX,CDMX Doméstica Única 2007,2007,240,24.32,1,2,CDMX Doméstica Única
CDMX,CDMX Doméstica Única 2007,2007,420,27.95,1,2,CDMX Doméstica Única
CDMX,CDMX Doméstica Única 2007,2007,660,32.61,1,2,CDMX Doméstica Única
CDMX,CDMX Doméstica Única 2007,2007,960,35.21,1,2,CDMX Doméstica Única
CDMX,CDMX Doméstica Única 2007,2007,1500,40.52,1,2,CDMX Doméstica Única
CDMX,CDMX Doméstica Única 2007,2007,2000,44.58,1,2,CDMX Doméstica Única
CDMX,CDMX No Doméstica 2007,2007,0,90.31,1,2,CDMX No Doméstica
CDMX,CDMX No Doméstica 2007,2007,10,0,1,2,CDMX No Doméstica
CDMX,CDMX No Doméstica 2007,2007,20,9.02,1,2,CDMX No Doméstica.  Error en código financiero
CDMX,CDMX No Doméstica 2007,2007,30,9.03,1,2,CDMX No Doméstica.  Error en código financiero
CDMX,CDMX No Doméstica 2007,2007,60,13.38,1,2,CDMX No Doméstica
CDMX,CDMX No Doméstica 2007,2007,90,17.44,1,2,CDMX No Doméstica
CDMX,CDMX No Doméstica 2007,2007,120,21.46,1,2,CDMX No Doméstica
CDMX,CDMX No Doméstica 2007,2007,240,25.46,1,2,CDMX No Doméstica
CDMX,CDMX No Doméstica 2007,2007,420,29.52,1,2,CDMX No Doméstica
CDMX,CDMX No Doméstica 2007,2007,660,33.52,1,2,CDMX No Doméstica
CDMX,CDMX No Doméstica 2007,2007,960,37.76,1,2,CDMX No Doméstica
CDMX,CDMX No Doméstica 2007,2007,1500,42.3,1,2,CDMX No Doméstica
CDMX,CDMX No Doméstica 2007,2007,5000,43.38,1,2,CDMX No Doméstica
CDMX,CDMX Doméstica Única 2008,2008,0,15.64,1,2,CDMX Doméstica Única
CDMX,CDMX Doméstica Única 2008,2008,10,0,1,2,CDMX Doméstica Única
CDMX,CDMX Doméstica Única 2008,2008,20,1.79,1,2,CDMX Doméstica Única
CDMX,CDMX Doméstica Única 2008,2008,30,3.38,1,2,CDMX Doméstica Única
CDMX,CDMX Doméstica Única 2008,2008,50,6.65,1,2,CDMX Doméstica Única
CDMX,CDMX Doméstica Única 2008,2008,70,9.65,1,2,CDMX Doméstica Única
CDMX,CDMX Doméstica Única 2008,2008,90,14.97,1,2,CDMX Doméstica Única
CDMX,CDMX Doméstica Única 2008,2008,120,18.37,1,2,CDMX Doméstica Única
CDMX,CDMX Doméstica Única 2008,2008,180,24.31,1,2,CDMX Doméstica Única
CDMX,CDMX Doméstica Única 2008,2008,240,29.34,1,2,CDMX Doméstica Única
CDMX,CDMX Doméstica Única 2008,2008,420,37.47,1,2,CDMX Doméstica Única
CDMX,CDMX Doméstica Única 2008,2008,660,39.4,1,2,CDMX Doméstica Única
CDMX,CDMX Doméstica Única 2008,2008,960,41.1,1,2,CDMX Doméstica Única
CDMX,CDMX Doméstica Única 2008,2008,1500,42.62,1,2,CDMX Doméstica Única
CDMX,CDMX Doméstica Única 2008,2008,2000,43.99,1,2,CDMX Doméstica Única
CDMX,CDMX No Doméstica 2008,2008,0,93.92,1,2,CDMX No Doméstica
CDMX,CDMX No Doméstica 2008,2008,10,0,1,2,CDMX No Doméstica
CDMX,CDMX No Doméstica 2008,2008,20,9.39,1,2,CDMX No Doméstica
CDMX,CDMX No Doméstica 2008,2008,30,19.39,1,2,CDMX No Doméstica
CDMX,CDMX No Doméstica 2008,2008,60,25.24,1,2,CDMX No Doméstica
CDMX,CDMX No Doméstica 2008,2008,90,29.39,1,2,CDMX No Doméstica
CDMX,CDMX No Doméstica 2008,2008,120,32.61,1,2,CDMX No Doméstica
CDMX,CDMX No Doméstica 2008,2008,240,35.25,1,2,CDMX No Doméstica
CDMX,CDMX No Doméstica 2008,2008,420,37.47,1,2,CDMX No Doméstica
CDMX,CDMX No Doméstica 2008,2008,660,39.4,1,2,CDMX No Doméstica
CDMX,CDMX No Doméstica 2008,2008,960,41.1,1,2,CDMX No Doméstica
CDMX,CDMX No Doméstica 2008,2008,1500,42.62,1,2,CDMX No Doméstica
CDMX,CDMX No Doméstica 2008,2008,5000,43.99,1,2,CDMX No Doméstica
CDMX,CDMX Doméstica Única 2009,2009,0,16.61,1,2,CDMX Doméstica Única
CDMX,CDMX Doméstica Única 2009,2009,10,0,1,2,CDMX Doméstica Única
CDMX,CDMX Doméstica Única 2009,2009,20,1.9,1,2,CDMX Doméstica Única
CDMX,CDMX Doméstica Única 2009,2009,30,3.59,1,2,CDMX Doméstica Única
CDMX,CDMX Doméstica Única 2009,2009,50,7.06,1,2,CDMX Doméstica Única
CDMX,CDMX Doméstica Única 2009,2009,70,10.25,1,2,CDMX Doméstica Única
CDMX,CDMX Doméstica Única 2009,2009,90,15.9,1,2,CDMX Doméstica Única
CDMX,CDMX Doméstica Única 2009,2009,120,19.51,1,2,CDMX Doméstica Única
CDMX,CDMX Doméstica Única 2009,2009,180,25.82,1,2,CDMX Doméstica Única
CDMX,CDMX Doméstica Única 2009,2009,240,31.17,1,2,CDMX Doméstica Única
CDMX,CDMX Doméstica Única 2009,2009,420,39.8,1,2,CDMX Doméstica Única
CDMX,CDMX Doméstica Única 2009,2009,660,41.85,1,2,CDMX Doméstica Única
CDMX,CDMX Doméstica Única 2009,2009,960,43.66,1,2,CDMX Doméstica Única
CDMX,CDMX Doméstica Única 2009,2009,1500,45.28,1,2,CDMX Doméstica Única
CDMX,CDMX Doméstica Única 2009,2009,2000,46.73,1,2,CDMX Doméstica Única
CDMX,CDMX No Doméstica 2009,2009,0,99.77,1,2,CDMX No Doméstica
CDMX,CDMX No Doméstica 2009,2009,10,0,1,2,CDMX No Doméstica
CDMX,CDMX No Doméstica 2009,2009,20,9.97,1,2,CDMX No Doméstica
CDMX,CDMX No Doméstica 2009,2009,30,20.6,1,2,CDMX No Doméstica
CDMX,CDMX No Doméstica 2009,2009,60,26.81,1,2,CDMX No Doméstica
CDMX,CDMX No Doméstica 2009,2009,90,31.22,1,2,CDMX No Doméstica
CDMX,CDMX No Doméstica 2009,2009,120,34.64,1,2,CDMX No Doméstica
CDMX,CDMX No Doméstica 2009,2009,240,37.45,1,2,CDMX No Doméstica
CDMX,CDMX No Doméstica 2009,2009,420,39.8,1,2,CDMX No Doméstica
CDMX,CDMX No Doméstica 2009,2009,660,41.85,1,2,CDMX No Doméstica
CDMX,CDMX No Doméstica 2009,2009,960,43.66,1,2,CDMX No Doméstica
CDMX,CDMX No Doméstica 2009,2009,1500,45.28,1,2,CDMX No Doméstica
CDMX,CDMX No Doméstica 2009,2009,5000,46.73,1,2,CDMX No Doméstica
CDMX,CDMX Doméstica Alta 2010,2010,0,135,1,2,CDMX Doméstica Alta
CDMX,CDMX Doméstica Alta 2010,2010,15,0,1,2,CDMX Doméstica Alta
CDMX,CDMX Doméstica Alta 2010,2010,20,15.2,1,2,CDMX Doméstica Alta
CDMX,CDMX Doméstica Alta 2010,2010,30,15.21,1,2,CDMX Doméstica Alta
CDMX,CDMX Doméstica Alta 2010,2010,40,15.22,1,2,CDMX Doméstica Alta
CDMX,CDMX Doméstica Alta 2010,2010,50,15.23,1,2,CDMX Doméstica Alta
CDMX,CDMX Doméstica Alta 2010,2010,70,23.22,1,2,CDMX Doméstica Alta
CDMX,CDMX Doméstica Alta 2010,2010,90,30,1,2,CDMX Doméstica Alta
CDMX,CDMX Doméstica Alta 2010,2010,120,40,1,2,CDMX Doméstica Alta
CDMX,CDMX Doméstica Alta 2010,2010,1000,40,1,2,CDMX Doméstica Alta
CDMX,CDMX Doméstica Baja 2010,2010,0,34,1,2,CDMX Doméstica Baja
CDMX,CDMX Doméstica Baja 2010,2010,15,0,1,2,CDMX Doméstica Baja
CDMX,CDMX Doméstica Baja 2010,2010,20,5.8,1,2,CDMX Doméstica Baja
CDMX,CDMX Doméstica Baja 2010,2010,30,7,1,2,CDMX Doméstica Baja
CDMX,CDMX Doméstica Baja 2010,2010,40,7.01,1,2,CDMX Doméstica Baja
CDMX,CDMX Doméstica Baja 2010,2010,50,14.19,1,2,CDMX Doméstica Baja
CDMX,CDMX Doméstica Baja 2010,2010,70,21,1,2,CDMX Doméstica Baja
CDMX,CDMX Doméstica Baja 2010,2010,90,23,1,2,CDMX Doméstica Baja
CDMX,CDMX Doméstica Baja 2010,2010,120,40,1,2,CDMX Doméstica Baja
CDMX,CDMX Doméstica Baja 2010,2010,1000,40,1,2,CDMX Doméstica Baja
CDMX,CDMX Doméstica Media 2010,2010,0,112.5,1,2,CDMX Doméstica Media
CDMX,CDMX Doméstica Media 2010,2010,15,0,1,2,CDMX Doméstica Media
CDMX,CDMX Doméstica Media 2010,2010,20,14.5,1,2,CDMX Doméstica Media
CDMX,CDMX Doméstica Media 2010,2010,30,14.51,1,2,CDMX Doméstica Media
CDMX,CDMX Doméstica Media 2010,2010,40,14.52,1,2,CDMX Doméstica Media
CDMX,CDMX Doméstica Media 2010,2010,50,14.53,1,2,CDMX Doméstica Media
CDMX,CDMX Doméstica Media 2010,2010,70,22.72,1,2,CDMX Doméstica Media
CDMX,CDMX Doméstica Media 2010,2010,90,30,1,2,CDMX Doméstica Media
CDMX,CDMX Doméstica Media 2010,2010,120,40,1,2,CDMX Doméstica Media
CDMX,CDMX Doméstica Media 2010,2010,1000,40,1,2,CDMX Doméstica Media
CDMX,CDMX Doméstica Popular 2010,2010,0,30,1,2,CDMX Doméstica Popular
CDMX,CDMX Doméstica Popular 2010,2010,15,0,1,2,CDMX Doméstica Popular
CDMX,CDMX Doméstica Popular 2010,2010,20,2.6,1,2,CDMX Doméstica Popular
CDMX,CDMX Doméstica Popular 2010,2010,30,4,1,2,CDMX Doméstica Popular
CDMX,CDMX Doméstica Popular 2010,2010,40,7.8,1,2,CDMX Doméstica Popular
CDMX,CDMX Doméstica Popular 2010,2010,50,7.81,1,2,CDMX Doméstica Popular
CDMX,CDMX Doméstica Popular 2010,2010,70,20.9,1,2,CDMX Doméstica Popular
CDMX,CDMX Doméstica Popular 2010,2010,90,23,1,2,CDMX Doméstica Popular
CDMX,CDMX Doméstica Popular 2010,2010,120,40,1,2,CDMX Doméstica Popular
CDMX,CDMX Doméstica Popular 2010,2010,1000,40,1,2,CDMX Doméstica Popular
CDMX,CDMX No Doméstica 2010,2010,0,135,1,2,CDMX No Doméstica
CDMX,CDMX No Doméstica 2010,2010,10,0,1,2,CDMX No Doméstica
CDMX,CDMX No Doméstica 2010,2010,20,14,1,2,CDMX No Doméstica
CDMX,CDMX No Doméstica 2010,2010,30,25.48,1,2,CDMX No Doméstica
CDMX,CDMX No Doméstica 2010,2010,50,29,1,2,CDMX No Doméstica
CDMX,CDMX No Doméstica 2010,2010,70,32.95,1,2,CDMX No Doméstica
CDMX,CDMX No Doméstica 2010,2010,90,35,1,2,CDMX No Doméstica
CDMX,CDMX No Doméstica 2010,2010,120,40,1,2,CDMX No Doméstica
CDMX,CDMX No Doméstica 2010,2010,1000,63,1,2,CDMX No Doméstica
CDMX,CDMX Doméstica Alta 2011,2011,0,140.51,1,2,CDMX Doméstica Alta
CDMX,CDMX Doméstica Alta 2011,2011,15,0,1,2,CDMX Doméstica Alta
CDMX,CDMX Doméstica Alta 2011,2011,20,15.82,1,2,CDMX Doméstica Alta
CDMX,CDMX Doméstica Alta 2011,2011,30,15.83,1,2,CDMX Doméstica Alta
CDMX,CDMX Doméstica Alta 2011,2011,40,15.84,1,2,CDMX Doméstica Alta
CDMX,CDMX Doméstica Alta 2011,2011,50,15.85,1,2,CDMX Doméstica Alta
CDMX,CDMX Doméstica Alta 2011,2011,70,24.17,1,2,CDMX Doméstica Alta
CDMX,CDMX Doméstica Alta 2011,2011,90,31.22,1,2,CDMX Doméstica Alta
CDMX,CDMX Doméstica Alta 2011,2011,120,41.63,1,2,CDMX Doméstica Alta
CDMX,CDMX Doméstica Alta 2011,2011,1000,41.63,1,2,CDMX Doméstica Alta
CDMX,CDMX Doméstica Baja 2011,2011,0,35.39,1,2,CDMX Doméstica Baja
CDMX,CDMX Doméstica Baja 2011,2011,15,0,1,2,CDMX Doméstica Baja
CDMX,CDMX Doméstica Baja 2011,2011,20,6.04,1,2,CDMX Doméstica Baja
CDMX,CDMX Doméstica Baja 2011,2011,30,7.29,1,2,CDMX Doméstica Baja
CDMX,CDMX Doméstica Baja 2011,2011,40,7.3,1,2,CDMX Doméstica Baja
CDMX,CDMX Doméstica Baja 2011,2011,50,14.77,1,2,CDMX Doméstica Baja
CDMX,CDMX Doméstica Baja 2011,2011,70,21.86,1,2,CDMX Doméstica Baja
CDMX,CDMX Doméstica Baja 2011,2011,90,23.94,1,2,CDMX Doméstica Baja
CDMX,CDMX Doméstica Baja 2011,2011,120,41.63,1,2,CDMX Doméstica Baja
CDMX,CDMX Doméstica Baja 2011,2011,1000,41.63,1,2,CDMX Doméstica Baja
CDMX,CDMX Doméstica Media 2011,2011,0,117.09,1,2,CDMX Doméstica Media
CDMX,CDMX Doméstica Media 2011,2011,15,0,1,2,CDMX Doméstica Media
CDMX,CDMX Doméstica Media 2011,2011,20,15.09,1,2,CDMX Doméstica Media
CDMX,CDMX Doméstica Media 2011,2011,30,15.1,1,2,CDMX Doméstica Media
CDMX,CDMX Doméstica Media 2011,2011,40,15.11,1,2,CDMX Doméstica Media
CDMX,CDMX Doméstica Media 2011,2011,50,15.12,1,2,CDMX Doméstica Media
CDMX,CDMX Doméstica Media 2011,2011,70,23.65,1,2,CDMX Doméstica Media
CDMX,CDMX Doméstica Media 2011,2011,90,31.22,1,2,CDMX Doméstica Media
CDMX,CDMX Doméstica Media 2011,2011,120,41.63,1,2,CDMX Doméstica Media
CDMX,CDMX Doméstica Media 2011,2011,1000,41.63,1,2,CDMX Doméstica Media
CDMX,CDMX Doméstica Popular 2011,2011,0,31.22,1,2,CDMX Doméstica Popular
CDMX,CDMX Doméstica Popular 2011,2011,15,0,1,2,CDMX Doméstica Popular
CDMX,CDMX Doméstica Popular 2011,2011,20,2.71,1,2,CDMX Doméstica Popular
CDMX,CDMX Doméstica Popular 2011,2011,30,4.16,1,2,CDMX Doméstica Popular
CDMX,CDMX Doméstica Popular 2011,2011,40,8.12,1,2,CDMX Doméstica Popular
CDMX,CDMX Doméstica Popular 2011,2011,50,8.13,1,2,CDMX Doméstica Popular
CDMX,CDMX Doméstica Popular 2011,2011,70,21.75,1,2,CDMX Doméstica Popular
CDMX,CDMX Doméstica Popular 2011,2011,90,23.94,1,2,CDMX Doméstica Popular
CDMX,CDMX Doméstica Popular 2011,2011,120,41.63,1,2,CDMX Doméstica Popular
CDMX,CDMX Doméstica Popular 2011,2011,1000,41.63,1,2,CDMX Doméstica Popular
CDMX,CDMX No Doméstica 2011,2011,0,140.51,1,2,CDMX No Doméstica
CDMX,CDMX No Doméstica 2011,2011,10,0,1,2,CDMX No Doméstica
CDMX,CDMX No Doméstica 2011,2011,20,14.57,1,2,CDMX No Doméstica
CDMX,CDMX No Doméstica 2011,2011,30,26.52,1,2,CDMX No Doméstica
CDMX,CDMX No Doméstica 2011,2011,50,30.18,1,2,CDMX No Doméstica
CDMX,CDMX No Doméstica 2011,2011,70,34.29,1,2,CDMX No Doméstica
CDMX,CDMX No Doméstica 2011,2011,90,36.43,1,2,CDMX No Doméstica
CDMX,CDMX No Doméstica 2011,2011,120,41.63,1,2,CDMX No Doméstica
CDMX,CDMX No Doméstica 2011,2011,1000,65.57,1,2,CDMX No Doméstica
CDMX,CDMX Doméstica Alta 2012,2012,0,145.57,1,2,CDMX Doméstica Alta
CDMX,CDMX Doméstica Alta 2012,2012,15,0,1,2,CDMX Doméstica Alta
CDMX,CDMX Doméstica Alta 2012,2012,20,16.39,1,2,CDMX Doméstica Alta
CDMX,CDMX Doméstica Alta 2012,2012,30,16.4,1,2,CDMX Doméstica Alta
CDMX,CDMX Doméstica Alta 2012,2012,40,16.41,1,2,CDMX Doméstica Alta
CDMX,CDMX Doméstica Alta 2012,2012,50,16.42,1,2,CDMX Doméstica Alta
CDMX,CDMX Doméstica Alta 2012,2012,70,25.04,1,2,CDMX Doméstica Alta
CDMX,CDMX Doméstica Alta 2012,2012,90,32.34,1,2,CDMX Doméstica Alta
CDMX,CDMX Doméstica Alta 2012,2012,120,43.13,1,2,CDMX Doméstica Alta
CDMX,CDMX Doméstica Alta 2012,2012,1000,43.13,1,2,CDMX Doméstica Alta
CDMX,CDMX Doméstica Baja 2012,2012,0,36.66,1,2,CDMX Doméstica Baja
CDMX,CDMX Doméstica Baja 2012,2012,15,0,1,2,CDMX Doméstica Baja
CDMX,CDMX Doméstica Baja 2012,2012,20,6.26,1,2,CDMX Doméstica Baja
CDMX,CDMX Doméstica Baja 2012,2012,30,7.55,1,2,CDMX Doméstica Baja
CDMX,CDMX Doméstica Baja 2012,2012,40,7.56,1,2,CDMX Doméstica Baja
CDMX,CDMX Doméstica Baja 2012,2012,50,15.3,1,2,CDMX Doméstica Baja
CDMX,CDMX Doméstica Baja 2012,2012,70,22.65,1,2,CDMX Doméstica Baja
CDMX,CDMX Doméstica Baja 2012,2012,90,24.8,1,2,CDMX Doméstica Baja
CDMX,CDMX Doméstica Baja 2012,2012,120,43.13,1,2,CDMX Doméstica Baja
CDMX,CDMX Doméstica Baja 2012,2012,1000,43.13,1,2,CDMX Doméstica Baja
CDMX,CDMX Doméstica Media 2012,2012,0,121.31,1,2,CDMX Doméstica Media
CDMX,CDMX Doméstica Media 2012,2012,15,0,1,2,CDMX Doméstica Media
CDMX,CDMX Doméstica Media 2012,2012,20,15.63,1,2,CDMX Doméstica Media
CDMX,CDMX Doméstica Media 2012,2012,30,15.64,1,2,CDMX Doméstica Media
CDMX,CDMX Doméstica Media 2012,2012,40,15.65,1,2,CDMX Doméstica Media
CDMX,CDMX Doméstica Media 2012,2012,50,15.66,1,2,CDMX Doméstica Media
CDMX,CDMX Doméstica Media 2012,2012,70,24.5,1,2,CDMX Doméstica Media
CDMX,CDMX Doméstica Media 2012,2012,90,32.34,1,2,CDMX Doméstica Media
CDMX,CDMX Doméstica Media 2012,2012,120,43.13,1,2,CDMX Doméstica Media
CDMX,CDMX Doméstica Media 2012,2012,1000,43.13,1,2,CDMX Doméstica Media
CDMX,CDMX Doméstica Popular 2012,2012,0,32.34,1,2,CDMX Doméstica Popular
CDMX,CDMX Doméstica Popular 2012,2012,15,0,1,2,CDMX Doméstica Popular
CDMX,CDMX Doméstica Popular 2012,2012,20,2.81,1,2,CDMX Doméstica Popular
CDMX,CDMX Doméstica Popular 2012,2012,30,4.31,1,2,CDMX Doméstica Popular
CDMX,CDMX Doméstica Popular 2012,2012,40,8.41,1,2,CDMX Doméstica Popular
CDMX,CDMX Doméstica Popular 2012,2012,50,8.42,1,2,CDMX Doméstica Popular
CDMX,CDMX Doméstica Popular 2012,2012,70,22.53,1,2,CDMX Doméstica Popular
CDMX,CDMX Doméstica Popular 2012,2012,90,24.8,1,2,CDMX Doméstica Popular
CDMX,CDMX Doméstica Popular 2012,2012,120,43.13,1,2,CDMX Doméstica Popular
CDMX,CDMX Doméstica Popular 2012,2012,1000,43.13,1,2,CDMX Doméstica Popular
CDMX,CDMX No Doméstica 2012,2012,0,80.87,1,2,CDMX No Doméstica
CDMX,CDMX No Doméstica 2012,2012,10,0,1,2,CDMX No Doméstica
CDMX,CDMX No Doméstica 2012,2012,20,8.09,1,2,CDMX No Doméstica
CDMX,CDMX No Doméstica 2012,2012,30,13.85,1,2,CDMX No Doméstica
CDMX,CDMX No Doméstica 2012,2012,50,16.17,1,2,CDMX No Doméstica
CDMX,CDMX No Doméstica 2012,2012,70,32.34,1,2,CDMX No Doméstica
CDMX,CDMX No Doméstica 2012,2012,90,37.74,1,2,CDMX No Doméstica
CDMX,CDMX No Doméstica 2012,2012,120,43.13,1,2,CDMX No Doméstica
CDMX,CDMX No Doméstica 2012,2012,1000,67.93,1,2,CDMX No Doméstica
CDMX,CDMX Doméstica Alta 2013,2013,0,151.58,1,2,CDMX Doméstica Alta
CDMX,CDMX Doméstica Alta 2013,2013,15,0,1,2,CDMX Doméstica Alta
CDMX,CDMX Doméstica Alta 2013,2013,20,17.06,1,2,CDMX Doméstica Alta
CDMX,CDMX Doméstica Alta 2013,2013,30,17.07,1,2,CDMX Doméstica Alta
CDMX,CDMX Doméstica Alta 2013,2013,40,17.09,1,2,CDMX Doméstica Alta
CDMX,CDMX Doméstica Alta 2013,2013,50,17.1,1,2,CDMX Doméstica Alta
CDMX,CDMX Doméstica Alta 2013,2013,70,26.07,1,2,CDMX Doméstica Alta
CDMX,CDMX Doméstica Alta 2013,2013,90,33.68,1,2,CDMX Doméstica Alta
CDMX,CDMX Doméstica Alta 2013,2013,120,44.91,1,2,CDMX Doméstica Alta
CDMX,CDMX Doméstica Alta 2013,2013,1000,70.74,1,2,CDMX Doméstica Alta
CDMX,CDMX Doméstica Baja 2013,2013,0,38.18,1,2,CDMX Doméstica Baja
CDMX,CDMX Doméstica Baja 2013,2013,15,0,1,2,CDMX Doméstica Baja
CDMX,CDMX Doméstica Baja 2013,2013,20,6.51,1,2,CDMX Doméstica Baja
CDMX,CDMX Doméstica Baja 2013,2013,30,7.86,1,2,CDMX Doméstica Baja
CDMX,CDMX Doméstica Baja 2013,2013,40,7.87,1,2,CDMX Doméstica Baja
CDMX,CDMX Doméstica Baja 2013,2013,50,15.93,1,2,CDMX Doméstica Baja
CDMX,CDMX Doméstica Baja 2013,2013,70,23.58,1,2,CDMX Doméstica Baja
CDMX,CDMX Doméstica Baja 2013,2013,90,25.82,1,2,CDMX Doméstica Baja
CDMX,CDMX Doméstica Baja 2013,2013,120,44.91,1,2,CDMX Doméstica Baja
CDMX,CDMX Doméstica Baja 2013,2013,1000,44.91,1,2,CDMX Doméstica Baja
CDMX,CDMX Doméstica Media 2013,2013,0,126.32,1,2,CDMX Doméstica Media
CDMX,CDMX Doméstica Media 2013,2013,15,0,1,2,CDMX Doméstica Media
CDMX,CDMX Doméstica Media 2013,2013,20,16.28,1,2,CDMX Doméstica Media
CDMX,CDMX Doméstica Media 2013,2013,30,16.29,1,2,CDMX Doméstica Media
CDMX,CDMX Doméstica Media 2013,2013,40,16.3,1,2,CDMX Doméstica Media
CDMX,CDMX Doméstica Media 2013,2013,50,16.31,1,2,CDMX Doméstica Media
CDMX,CDMX Doméstica Media 2013,2013,70,25.51,1,2,CDMX Doméstica Media
CDMX,CDMX Doméstica Media 2013,2013,90,33.68,1,2,CDMX Doméstica Media
CDMX,CDMX Doméstica Media 2013,2013,120,44.91,1,2,CDMX Doméstica Media
CDMX,CDMX Doméstica Media 2013,2013,1000,44.91,1,2,CDMX Doméstica Media
CDMX,CDMX Doméstica Popular 2013,2013,0,33.68,1,2,CDMX Doméstica Popular
CDMX,CDMX Doméstica Popular 2013,2013,15,0,1,2,CDMX Doméstica Popular
CDMX,CDMX Doméstica Popular 2013,2013,20,2.92,1,2,CDMX Doméstica Popular
CDMX,CDMX Doméstica Popular 2013,2013,30,4.49,1,2,CDMX Doméstica Popular
CDMX,CDMX Doméstica Popular 2013,2013,40,8.76,1,2,CDMX Doméstica Popular
CDMX,CDMX Doméstica Popular 2013,2013,50,8.77,1,2,CDMX Doméstica Popular
CDMX,CDMX Doméstica Popular 2013,2013,70,23.47,1,2,CDMX Doméstica Popular
CDMX,CDMX Doméstica Popular 2013,2013,90,25.82,1,2,CDMX Doméstica Popular
CDMX,CDMX Doméstica Popular 2013,2013,120,44.91,1,2,CDMX Doméstica Popular
CDMX,CDMX Doméstica Popular 2013,2013,1000,70.74,1,2,CDMX Doméstica Popular
CDMX,CDMX No Doméstica 2013,2013,0,151.58,1,2,CDMX No Doméstica
CDMX,CDMX No Doméstica 2013,2013,10,0,1,2,CDMX No Doméstica
CDMX,CDMX No Doméstica 2013,2013,20,15.72,1,2,CDMX No Doméstica
CDMX,CDMX No Doméstica 2013,2013,30,28.61,1,2,CDMX No Doméstica
CDMX,CDMX No Doméstica 2013,2013,50,32.56,1,2,CDMX No Doméstica
CDMX,CDMX No Doméstica 2013,2013,70,37,1,2,CDMX No Doméstica
CDMX,CDMX No Doméstica 2013,2013,90,39.3,1,2,CDMX No Doméstica
CDMX,CDMX No Doméstica 2013,2013,120,44.92,1,2,CDMX No Doméstica
CDMX,CDMX No Doméstica 2013,2013,1000,70.74,1,2,CDMX No Doméstica
CDMX,CDMX Doméstica Alta 2014,2014,0,157.37,1,2,CDMX Doméstica Alta
CDMX,CDMX Doméstica Alta 2014,2014,15,0,1,2,CDMX Doméstica Alta
CDMX,CDMX Doméstica Alta 2014,2014,20,17.71,1,2,CDMX Doméstica Alta
CDMX,CDMX Doméstica Alta 2014,2014,30,19.8,1,2,CDMX Doméstica Alta
CDMX,CDMX Doméstica Alta 2014,2014,40,23.5,1,2,CDMX Doméstica Alta
CDMX,CDMX Doméstica Alta 2014,2014,50,25.1,1,2,CDMX Doméstica Alta
CDMX,CDMX Doméstica Alta 2014,2014,70,26.9,1,2,CDMX Doméstica Alta
CDMX,CDMX Doméstica Alta 2014,2014,90,34.97,1,2,CDMX Doméstica Alta
CDMX,CDMX Doméstica Alta 2014,2014,120,46.64,1,2,CDMX Doméstica Alta
CDMX,CDMX Doméstica Alta 2014,2014,1000,73.44,1,2,CDMX Doméstica Alta
CDMX,CDMX Doméstica Baja 2014,2014,0,39.64,1,2,CDMX Doméstica Baja
CDMX,CDMX Doméstica Baja 2014,2014,15,0,1,2,CDMX Doméstica Baja
CDMX,CDMX Doméstica Baja 2014,2014,20,6.76,1,2,CDMX Doméstica Baja
CDMX,CDMX Doméstica Baja 2014,2014,30,9.1,1,2,CDMX Doméstica Baja
CDMX,CDMX Doméstica Baja 2014,2014,40,12.9,1,2,CDMX Doméstica Baja
CDMX,CDMX Doméstica Baja 2014,2014,50,18.1,1,2,CDMX Doméstica Baja
CDMX,CDMX Doméstica Baja 2014,2014,70,22.9,1,2,CDMX Doméstica Baja
CDMX,CDMX Doméstica Baja 2014,2014,90,28,1,2,CDMX Doméstica Baja
CDMX,CDMX Doméstica Baja 2014,2014,120,46.64,1,2,CDMX Doméstica Baja
CDMX,CDMX Doméstica Baja 2014,2014,1000,73.44,1,2,CDMX Doméstica Baja
CDMX,CDMX Doméstica Media 2014,2014,0,131.15,1,2,CDMX Doméstica Media
CDMX,CDMX Doméstica Media 2014,2014,15,0,1,2,CDMX Doméstica Media
CDMX,CDMX Doméstica Media 2014,2014,20,16.9,1,2,CDMX Doméstica Media
CDMX,CDMX Doméstica Media 2014,2014,30,18.5,1,2,CDMX Doméstica Media
CDMX,CDMX Doméstica Media 2014,2014,40,21.9,1,2,CDMX Doméstica Media
CDMX,CDMX Doméstica Media 2014,2014,50,23.6,1,2,CDMX Doméstica Media
CDMX,CDMX Doméstica Media 2014,2014,70,26.1,1,2,CDMX Doméstica Media
CDMX,CDMX Doméstica Media 2014,2014,90,34.97,1,2,CDMX Doméstica Media
CDMX,CDMX Doméstica Media 2014,2014,120,46.64,1,2,CDMX Doméstica Media
CDMX,CDMX Doméstica Media 2014,2014,1000,73.44,1,2,CDMX Doméstica Media
CDMX,CDMX Doméstica Popular 2014,2014,0,34.97,1,2,CDMX Doméstica Popular
CDMX,CDMX Doméstica Popular 2014,2014,15,0,1,2,CDMX Doméstica Popular
CDMX,CDMX Doméstica Popular 2014,2014,20,3.03,1,2,CDMX Doméstica Popular
CDMX,CDMX Doméstica Popular 2014,2014,30,4.8,1,2,CDMX Doméstica Popular
CDMX,CDMX Doméstica Popular 2014,2014,40,9.8,1,2,CDMX Doméstica Popular
CDMX,CDMX Doméstica Popular 2014,2014,50,14.3,1,2,CDMX Doméstica Popular
CDMX,CDMX Doméstica Popular 2014,2014,70,21.3,1,2,CDMX Doméstica Popular
CDMX,CDMX Doméstica Popular 2014,2014,90,27,1,2,CDMX Doméstica Popular
CDMX,CDMX Doméstica Popular 2014,2014,120,46.64,1,2,CDMX Doméstica Popular
CDMX,CDMX Doméstica Popular 2014,2014,1000,73.44,1,2,CDMX Doméstica Popular
CDMX,CDMX No Doméstica 2014,2014,0,157.37,1,2,CDMX No Doméstica
CDMX,CDMX No Doméstica 2014,2014,10,0,1,2,CDMX No Doméstica
CDMX,CDMX No Doméstica 2014,2014,20,20,1,2,CDMX No Doméstica
CDMX,CDMX No Doméstica 2014,2014,30,30,1,2,CDMX No Doméstica
CDMX,CDMX No Doméstica 2014,2014,50,35,1,2,CDMX No Doméstica
CDMX,CDMX No Doméstica 2014,2014,70,40,1,2,CDMX No Doméstica
CDMX,CDMX No Doméstica 2014,2014,90,43.14,1,2,CDMX No Doméstica
CDMX,CDMX No Doméstica 2014,2014,120,47.8,1,2,CDMX No Doméstica
CDMX,CDMX No Doméstica 2014,2014,1000,73.44,1,2,CDMX No Doméstica
CDMX,CDMX Doméstica Alta 2015,2015,0,163.6,1,2,CDMX Doméstica Alta
CDMX,CDMX Doméstica Alta 2015,2015,15,0,1,2,CDMX Doméstica Alta
CDMX,CDMX Doméstica Alta 2015,2015,20,18.41,1,2,CDMX Doméstica Alta
CDMX,CDMX Doméstica Alta 2015,2015,30,20.58,1,2,CDMX Doméstica Alta
CDMX,CDMX Doméstica Alta 2015,2015,40,24.43,1,2,CDMX Doméstica Alta
CDMX,CDMX Doméstica Alta 2015,2015,50,26.09,1,2,CDMX Doméstica Alta
CDMX,CDMX Doméstica Alta 2015,2015,70,27.97,1,2,CDMX Doméstica Alta
CDMX,CDMX Doméstica Alta 2015,2015,90,36.35,1,2,CDMX Doméstica Alta
CDMX,CDMX Doméstica Alta 2015,2015,120,48.49,1,2,CDMX Doméstica Alta
CDMX,CDMX Doméstica Alta 2015,2015,1000,76.35,1,2,CDMX Doméstica Alta
CDMX,CDMX Doméstica Baja 2015,2015,0,41.21,1,2,CDMX Doméstica Baja
CDMX,CDMX Doméstica Baja 2015,2015,15,0,1,2,CDMX Doméstica Baja
CDMX,CDMX Doméstica Baja 2015,2015,20,7.03,1,2,CDMX Doméstica Baja
CDMX,CDMX Doméstica Baja 2015,2015,30,9.46,1,2,CDMX Doméstica Baja
CDMX,CDMX Doméstica Baja 2015,2015,40,13.41,1,2,CDMX Doméstica Baja
CDMX,CDMX Doméstica Baja 2015,2015,50,18.82,1,2,CDMX Doméstica Baja
CDMX,CDMX Doméstica Baja 2015,2015,70,23.81,1,2,CDMX Doméstica Baja
CDMX,CDMX Doméstica Baja 2015,2015,90,29.11,1,2,CDMX Doméstica Baja
CDMX,CDMX Doméstica Baja 2015,2015,120,48.49,1,2,CDMX Doméstica Baja
CDMX,CDMX Doméstica Baja 2015,2015,1000,76.35,1,2,CDMX Doméstica Baja
CDMX,CDMX Doméstica Media 2015,2015,0,136.34,1,2,CDMX Doméstica Media
CDMX,CDMX Doméstica Media 2015,2015,15,0,1,2,CDMX Doméstica Media
CDMX,CDMX Doméstica Media 2015,2015,20,17.57,1,2,CDMX Doméstica Media
CDMX,CDMX Doméstica Media 2015,2015,30,19.23,1,2,CDMX Doméstica Media
CDMX,CDMX Doméstica Media 2015,2015,40,22.77,1,2,CDMX Doméstica Media
CDMX,CDMX Doméstica Media 2015,2015,50,24.53,1,2,CDMX Doméstica Media
CDMX,CDMX Doméstica Media 2015,2015,70,27.13,1,2,CDMX Doméstica Media
CDMX,CDMX Doméstica Media 2015,2015,90,36.35,1,2,CDMX Doméstica Media
CDMX,CDMX Doméstica Media 2015,2015,120,48.49,1,2,CDMX Doméstica Media
CDMX,CDMX Doméstica Media 2015,2015,1000,76.35,1,2,CDMX Doméstica Media
CDMX,CDMX Doméstica Popular 2015,2015,0,36.35,1,2,CDMX Doméstica Popular
CDMX,CDMX Doméstica Popular 2015,2015,15,0,1,2,CDMX Doméstica Popular
CDMX,CDMX Doméstica Popular 2015,2015,20,3.15,1,2,CDMX Doméstica Popular
CDMX,CDMX Doméstica Popular 2015,2015,30,4.99,1,2,CDMX Doméstica Popular
CDMX,CDMX Doméstica Popular 2015,2015,40,10.19,1,2,CDMX Doméstica Popular
CDMX,CDMX Doméstica Popular 2015,2015,50,14.87,1,2,CDMX Doméstica Popular
CDMX,CDMX Doméstica Popular 2015,2015,70,22.14,1,2,CDMX Doméstica Popular
CDMX,CDMX Doméstica Popular 2015,2015,90,28.07,1,2,CDMX Doméstica Popular
CDMX,CDMX Doméstica Popular 2015,2015,120,48.49,1,2,CDMX Doméstica Popular
CDMX,CDMX Doméstica Popular 2015,2015,1000,76.35,1,2,CDMX Doméstica Popular
CDMX,CDMX No Doméstica 2015,2015,0,163.6,1,2,CDMX No Doméstica
CDMX,CDMX No Doméstica 2015,2015,10,0,1,2,CDMX No Doméstica
CDMX,CDMX No Doméstica 2015,2015,20,20.79,1,2,CDMX No Doméstica
CDMX,CDMX No Doméstica 2015,2015,30,31.19,1,2,CDMX No Doméstica
CDMX,CDMX No Doméstica 2015,2015,50,36.39,1,2,CDMX No Doméstica
CDMX,CDMX No Doméstica 2015,2015,70,41.59,1,2,CDMX No Doméstica
CDMX,CDMX No Doméstica 2015,2015,90,44.85,1,2,CDMX No Doméstica
CDMX,CDMX No Doméstica 2015,2015,120,49.69,1,2,CDMX No Doméstica
CDMX,CDMX No Doméstica 2015,2015,1000,76.35,1,2,CDMX No Doméstica
CDMX,CDMX Doméstica Alta 2016,2016,0,168.58,1,2,CDMX Doméstica Alta
CDMX,CDMX Doméstica Alta 2016,2016,15,0,1,2,CDMX Doméstica Alta
CDMX,CDMX Doméstica Alta 2016,2016,20,18.97,1,2,CDMX Doméstica Alta
CDMX,CDMX Doméstica Alta 2016,2016,30,21.21,1,2,CDMX Doméstica Alta
CDMX,CDMX Doméstica Alta 2016,2016,40,25.17,1,2,CDMX Doméstica Alta
CDMX,CDMX Doméstica Alta 2016,2016,50,26.89,1,2,CDMX Doméstica Alta
CDMX,CDMX Doméstica Alta 2016,2016,70,28.81,1,2,CDMX Doméstica Alta
CDMX,CDMX Doméstica Alta 2016,2016,90,37.46,1,2,CDMX Doméstica Alta
CDMX,CDMX Doméstica Alta 2016,2016,120,49.96,1,2,CDMX Doméstica Alta
CDMX,CDMX Doméstica Alta 2016,2016,1000,78.67,1,2,CDMX Doméstica Alta
CDMX,CDMX Doméstica Baja 2016,2016,0,42.46,1,2,CDMX Doméstica Baja
CDMX,CDMX Doméstica Baja 2016,2016,15,0,1,2,CDMX Doméstica Baja
CDMX,CDMX Doméstica Baja 2016,2016,20,7.24,1,2,CDMX Doméstica Baja
CDMX,CDMX Doméstica Baja 2016,2016,30,9.75,1,2,CDMX Doméstica Baja
CDMX,CDMX Doméstica Baja 2016,2016,40,13.82,1,2,CDMX Doméstica Baja
CDMX,CDMX Doméstica Baja 2016,2016,50,19.39,1,2,CDMX Doméstica Baja
CDMX,CDMX Doméstica Baja 2016,2016,70,24.53,1,2,CDMX Doméstica Baja
CDMX,CDMX Doméstica Baja 2016,2016,90,29.99,1,2,CDMX Doméstica Baja
CDMX,CDMX Doméstica Baja 2016,2016,120,49.96,1,2,CDMX Doméstica Baja
CDMX,CDMX Doméstica Baja 2016,2016,1000,78.67,1,2,CDMX Doméstica Baja
CDMX,CDMX Doméstica Media 2016,2016,0,140.49,1,2,CDMX Doméstica Media
CDMX,CDMX Doméstica Media 2016,2016,15,0,1,2,CDMX Doméstica Media
CDMX,CDMX Doméstica Media 2016,2016,20,18.1,1,2,CDMX Doméstica Media
CDMX,CDMX Doméstica Media 2016,2016,30,19.82,1,2,CDMX Doméstica Media
CDMX,CDMX Doméstica Media 2016,2016,40,23.46,1,2,CDMX Doméstica Media
CDMX,CDMX Doméstica Media 2016,2016,50,25.28,1,2,CDMX Doméstica Media
CDMX,CDMX Doméstica Media 2016,2016,70,27.96,1,2,CDMX Doméstica Media
CDMX,CDMX Doméstica Media 2016,2016,90,37.46,1,2,CDMX Doméstica Media
CDMX,CDMX Doméstica Media 2016,2016,120,49.96,1,2,CDMX Doméstica Media
CDMX,CDMX Doméstica Media 2016,2016,1000,78.67,1,2,CDMX Doméstica Media
CDMX,CDMX Doméstica Popular 2016,2016,0,37.46,1,2,CDMX Doméstica Popular
CDMX,CDMX Doméstica Popular 2016,2016,15,0,1,2,CDMX Doméstica Popular
CDMX,CDMX Doméstica Popular 2016,2016,20,3.25,1,2,CDMX Doméstica Popular
CDMX,CDMX Doméstica Popular 2016,2016,30,5.14,1,2,CDMX Doméstica Popular
CDMX,CDMX Doméstica Popular 2016,2016,40,10.5,1,2,CDMX Doméstica Popular
CDMX,CDMX Doméstica Popular 2016,2016,50,15.32,1,2,CDMX Doméstica Popular
CDMX,CDMX Doméstica Popular 2016,2016,70,22.81,1,2,CDMX Doméstica Popular
CDMX,CDMX Doméstica Popular 2016,2016,90,28.92,1,2,CDMX Doméstica Popular
CDMX,CDMX Doméstica Popular 2016,2016,120,49.96,1,2,CDMX Doméstica Popular
CDMX,CDMX Doméstica Popular 2016,2016,1000,78.67,1,2,CDMX Doméstica Popular
CDMX,CDMX No Doméstica 2016,2016,0,168.58,1,2,CDMX No Doméstica
CDMX,CDMX No Doméstica 2016,2016,10,0,1,2,CDMX No Doméstica
CDMX,CDMX No Doméstica 2016,2016,20,21.42,1,2,CDMX No Doméstica
CDMX,CDMX No Doméstica 2016,2016,30,32.14,1,2,CDMX No Doméstica
CDMX,CDMX No Doméstica 2016,2016,50,37.5,1,2,CDMX No Doméstica
CDMX,CDMX No Doméstica 2016,2016,70,42.85,1,2,CDMX No Doméstica
CDMX,CDMX No Doméstica 2016,2016,90,46.21,1,2,CDMX No Doméstica
CDMX,CDMX No Doméstica 2016,2016,120,51.2,1,2,CDMX No Doméstica
CDMX,CDMX No Doméstica 2016,2016,1000,78.67,1,2,CDMX No Doméstica
CDMX,CDMX Doméstica Alta 2017,2017,0,175.3,1,2,CDMX Doméstica Alta
CDMX,CDMX Doméstica Alta 2017,2017,15,0,1,2,CDMX Doméstica Alta
CDMX,CDMX Doméstica Alta 2017,2017,20,19.73,1,2,CDMX Doméstica Alta
CDMX,CDMX Doméstica Alta 2017,2017,30,22.06,1,2,CDMX Doméstica Alta
CDMX,CDMX Doméstica Alta 2017,2017,40,26.18,1,2,CDMX Doméstica Alta
CDMX,CDMX Doméstica Alta 2017,2017,50,27.96,1,2,CDMX Doméstica Alta
CDMX,CDMX Doméstica Alta 2017,2017,70,29.96,1,2,CDMX Doméstica Alta
CDMX,CDMX Doméstica Alta 2017,2017,90,38.95,1,2,CDMX Doméstica Alta
CDMX,CDMX Doméstica Alta 2017,2017,120,51.96,1,2,CDMX Doméstica Alta
CDMX,CDMX Doméstica Alta 2017,2017,1000,81.81,1,2,CDMX Doméstica Alta
CDMX,CDMX Doméstica Baja 2017,2017,0,44.16,1,2,CDMX Doméstica Baja
CDMX,CDMX Doméstica Baja 2017,2017,15,0,1,2,CDMX Doméstica Baja
CDMX,CDMX Doméstica Baja 2017,2017,20,7.53,1,2,CDMX Doméstica Baja
CDMX,CDMX Doméstica Baja 2017,2017,30,10.14,1,2,CDMX Doméstica Baja
CDMX,CDMX Doméstica Baja 2017,2017,40,14.37,1,2,CDMX Doméstica Baja
CDMX,CDMX Doméstica Baja 2017,2017,50,20.17,1,2,CDMX Doméstica Baja
CDMX,CDMX Doméstica Baja 2017,2017,70,25.5,1,2,CDMX Doméstica Baja
CDMX,CDMX Doméstica Baja 2017,2017,90,31.19,1,2,CDMX Doméstica Baja
CDMX,CDMX Doméstica Baja 2017,2017,120,51.96,1,2,CDMX Doméstica Baja
CDMX,CDMX Doméstica Baja 2017,2017,1000,81.81,1,2,CDMX Doméstica Baja
CDMX,CDMX Doméstica Media 2017,2017,0,146.1,1,2,CDMX Doméstica Media
CDMX,CDMX Doméstica Media 2017,2017,15,0,1,2,CDMX Doméstica Media
CDMX,CDMX Doméstica Media 2017,2017,20,18.83,1,2,CDMX Doméstica Media
CDMX,CDMX Doméstica Media 2017,2017,30,20.61,1,2,CDMX Doméstica Media
CDMX,CDMX Doméstica Media 2017,2017,40,24.4,1,2,CDMX Doméstica Media
CDMX,CDMX Doméstica Media 2017,2017,50,26.29,1,2,CDMX Doméstica Media
CDMX,CDMX Doméstica Media 2017,2017,70,29.07,1,2,CDMX Doméstica Media
CDMX,CDMX Doméstica Media 2017,2017,90,38.95,1,2,CDMX Doméstica Media
CDMX,CDMX Doméstica Media 2017,2017,120,51.96,1,2,CDMX Doméstica Media
CDMX,CDMX Doméstica Media 2017,2017,1000,81.81,1,2,CDMX Doméstica Media
CDMX,CDMX Doméstica Popular 2017,2017,0,38.95,1,2,CDMX Doméstica Popular
CDMX,CDMX Doméstica Popular 2017,2017,15,0,1,2,CDMX Doméstica Popular
CDMX,CDMX Doméstica Popular 2017,2017,20,3.38,1,2,CDMX Doméstica Popular
CDMX,CDMX Doméstica Popular 2017,2017,30,5.35,1,2,CDMX Doméstica Popular
CDMX,CDMX Doméstica Popular 2017,2017,40,10.92,1,2,CDMX Doméstica Popular
CDMX,CDMX Doméstica Popular 2017,2017,50,15.93,1,2,CDMX Doméstica Popular
CDMX,CDMX Doméstica Popular 2017,2017,70,23.72,1,2,CDMX Doméstica Popular
CDMX,CDMX Doméstica Popular 2017,2017,90,30.08,1,2,CDMX Doméstica Popular
CDMX,CDMX Doméstica Popular 2017,2017,120,51.96,1,2,CDMX Doméstica Popular
CDMX,CDMX Doméstica Popular 2017,2017,1000,81.81,1,2,CDMX Doméstica Popular
CDMX,CDMX No Doméstica 2017,2017,0,175.3,1,2,CDMX No Doméstica
CDMX,CDMX No Doméstica 2017,2017,10,0,1,2,CDMX No Doméstica
CDMX,CDMX No Doméstica 2017,2017,20,22.28,1,2,CDMX No Doméstica
CDMX,CDMX No Doméstica 2017,2017,30,33.42,1,2,CDMX No Doméstica
CDMX,CDMX No Doméstica 2017,2017,50,38.99,1,2,CDMX No Doméstica
CDMX,CDMX No Doméstica 2017,2017,70,44.56,1,2,CDMX No Doméstica
CDMX,CDMX No Doméstica 2017,2017,90,48.05,1,2,CDMX No Doméstica
CDMX,CDMX No Doméstica 2017,2017,120,53.24,1,2,CDMX No Doméstica
CDMX,CDMX No Doméstica 2017,2017,1000,81.81,1,2,CDMX No Doméstica
CDMX,CDMX Doméstica Alta 2018,2018,0,184.91,1,2,CDMX Doméstica Alta
CDMX,CDMX Doméstica Alta 2018,2018,15,0,1,2,CDMX Doméstica Alta
CDMX,CDMX Doméstica Alta 2018,2018,20,20.81,1,2,CDMX Doméstica Alta
CDMX,CDMX Doméstica Alta 2018,2018,30,23.27,1,2,CDMX Doméstica Alta
CDMX,CDMX Doméstica Alta 2018,2018,40,27.62,1,2,CDMX Doméstica Alta
CDMX,CDMX Doméstica Alta 2018,2018,50,29.5,1,2,CDMX Doméstica Alta
CDMX,CDMX Doméstica Alta 2018,2018,70,31.6,1,2,CDMX Doméstica Alta
CDMX,CDMX Doméstica Alta 2018,2018,90,41.09,1,2,CDMX Doméstica Alta
CDMX,CDMX Doméstica Alta 2018,2018,120,54.8,1,2,CDMX Doméstica Alta
CDMX,CDMX Doméstica Alta 2018,2018,1000,86.29,1,2,CDMX Doméstica Alta
CDMX,CDMX Doméstica Baja 2018,2018,0,46.58,1,2,CDMX Doméstica Baja
CDMX,CDMX Doméstica Baja 2018,2018,15,0,1,2,CDMX Doméstica Baja
CDMX,CDMX Doméstica Baja 2018,2018,20,7.95,1,2,CDMX Doméstica Baja
CDMX,CDMX Doméstica Baja 2018,2018,30,10.7,1,2,CDMX Doméstica Baja
CDMX,CDMX Doméstica Baja 2018,2018,40,15.16,1,2,CDMX Doméstica Baja
CDMX,CDMX Doméstica Baja 2018,2018,50,21.27,1,2,CDMX Doméstica Baja
CDMX,CDMX Doméstica Baja 2018,2018,70,26.9,1,2,CDMX Doméstica Baja
CDMX,CDMX Doméstica Baja 2018,2018,90,32.9,1,2,CDMX Doméstica Baja
CDMX,CDMX Doméstica Baja 2018,2018,120,54.8,1,2,CDMX Doméstica Baja
CDMX,CDMX Doméstica Baja 2018,2018,1000,86.29,1,2,CDMX Doméstica Baja
CDMX,CDMX Doméstica Media 2018,2018,0,154.1,1,2,CDMX Doméstica Media
CDMX,CDMX Doméstica Media 2018,2018,15,0,1,2,CDMX Doméstica Media
CDMX,CDMX Doméstica Media 2018,2018,20,19.86,1,2,CDMX Doméstica Media
CDMX,CDMX Doméstica Media 2018,2018,30,21.74,1,2,CDMX Doméstica Media
CDMX,CDMX Doméstica Media 2018,2018,40,25.74,1,2,CDMX Doméstica Media
CDMX,CDMX Doméstica Media 2018,2018,50,27.74,1,2,CDMX Doméstica Media
CDMX,CDMX Doméstica Media 2018,2018,70,30.66,1,2,CDMX Doméstica Media
CDMX,CDMX Doméstica Media 2018,2018,90,41.09,1,2,CDMX Doméstica Media
CDMX,CDMX Doméstica Media 2018,2018,120,54.8,1,2,CDMX Doméstica Media
CDMX,CDMX Doméstica Media 2018,2018,1000,86.29,1,2,CDMX Doméstica Media
CDMX,CDMX Doméstica Popular 2018,2018,0,41.09,1,2,CDMX Doméstica Popular
CDMX,CDMX Doméstica Popular 2018,2018,15,0,1,2,CDMX Doméstica Popular
CDMX,CDMX Doméstica Popular 2018,2018,20,3.56,1,2,CDMX Doméstica Popular
CDMX,CDMX Doméstica Popular 2018,2018,30,5.64,1,2,CDMX Doméstica Popular
CDMX,CDMX Doméstica Popular 2018,2018,40,11.52,1,2,CDMX Doméstica Popular
CDMX,CDMX Doméstica Popular 2018,2018,50,16.81,1,2,CDMX Doméstica Popular
CDMX,CDMX Doméstica Popular 2018,2018,70,25.02,1,2,CDMX Doméstica Popular
CDMX,CDMX Doméstica Popular 2018,2018,90,31.72,1,2,CDMX Doméstica Popular
CDMX,CDMX Doméstica Popular 2018,2018,120,54.8,1,2,CDMX Doméstica Popular
CDMX,CDMX Doméstica Popular 2018,2018,1000,86.29,1,2,CDMX Doméstica Popular
CDMX,CDMX No Doméstica 2018,2018,0,184.91,1,2,CDMX No Doméstica
CDMX,CDMX No Doméstica 2018,2018,10,0,1,2,CDMX No Doméstica
CDMX,CDMX No Doméstica 2018,2018,20,23.51,1,2,CDMX No Doméstica
CDMX,CDMX No Doméstica 2018,2018,30,35.25,1,2,CDMX No Doméstica
CDMX,CDMX No Doméstica 2018,2018,50,41.12,1,2,CDMX No Doméstica
CDMX,CDMX No Doméstica 2018,2018,70,47,1,2,CDMX No Doméstica
CDMX,CDMX No Doméstica 2018,2018,90,50.68,1,2,CDMX No Doméstica
CDMX,CDMX No Doméstica 2018,2018,120,56.16,1,2,CDMX No Doméstica
CDMX,CDMX No Doméstica 2018,2018,1000,86.29,1,2,CDMX No Doméstica
CDMX,CDMX Doméstica Alta 2019,2019,0,194.54,1,2,CDMX Doméstica Alta
CDMX,CDMX Doméstica Alta 2019,2019,15,0,1,2,CDMX Doméstica Alta
CDMX,CDMX Doméstica Alta 2019,2019,20,21.9,1,2,CDMX Doméstica Alta
CDMX,CDMX Doméstica Alta 2019,2019,30,24.48,1,2,CDMX Doméstica Alta
CDMX,CDMX Doméstica Alta 2019,2019,40,29.06,1,2,CDMX Doméstica Alta
CDMX,CDMX Doméstica Alta 2019,2019,50,31.04,1,2,CDMX Doméstica Alta
CDMX,CDMX Doméstica Alta 2019,2019,70,33.25,1,2,CDMX Doméstica Alta
CDMX,CDMX Doméstica Alta 2019,2019,90,43.23,1,2,CDMX Doméstica Alta
CDMX,CDMX Doméstica Alta 2019,2019,120,57.66,1,2,CDMX Doméstica Alta
CDMX,CDMX Doméstica Alta 2019,2019,1000,90.79,1,2,CDMX Doméstica Alta
CDMX,CDMX Doméstica Baja 2019,2019,0,49,1,2,CDMX Doméstica Baja
CDMX,CDMX Doméstica Baja 2019,2019,15,0,1,2,CDMX Doméstica Baja
CDMX,CDMX Doméstica Baja 2019,2019,20,8.36,1,2,CDMX Doméstica Baja
CDMX,CDMX Doméstica Baja 2019,2019,30,11.25,1,2,CDMX Doméstica Baja
CDMX,CDMX Doméstica Baja 2019,2019,40,15.95,1,2,CDMX Doméstica Baja
CDMX,CDMX Doméstica Baja 2019,2019,50,22.38,1,2,CDMX Doméstica Baja
CDMX,CDMX Doméstica Baja 2019,2019,70,28.3,1,2,CDMX Doméstica Baja
CDMX,CDMX Doméstica Baja 2019,2019,90,34.62,1,2,CDMX Doméstica Baja
CDMX,CDMX Doméstica Baja 2019,2019,120,57.66,1,2,CDMX Doméstica Baja
CDMX,CDMX Doméstica Baja 2019,2019,1000,90.79,1,2,CDMX Doméstica Baja
CDMX,CDMX Doméstica Media 2019,2019,0,162.13,1,2,CDMX Doméstica Media
CDMX,CDMX Doméstica Media 2019,2019,15,0,1,2,CDMX Doméstica Media
CDMX,CDMX Doméstica Media 2019,2019,20,20.9,1,2,CDMX Doméstica Media
CDMX,CDMX Doméstica Media 2019,2019,30,22.87,1,2,CDMX Doméstica Media
CDMX,CDMX Doméstica Media 2019,2019,40,27.08,1,2,CDMX Doméstica Media
CDMX,CDMX Doméstica Media 2019,2019,50,29.18,1,2,CDMX Doméstica Media
CDMX,CDMX Doméstica Media 2019,2019,70,32.26,1,2,CDMX Doméstica Media
CDMX,CDMX Doméstica Media 2019,2019,90,43.23,1,2,CDMX Doméstica Media
CDMX,CDMX Doméstica Media 2019,2019,120,57.66,1,2,CDMX Doméstica Media
CDMX,CDMX Doméstica Media 2019,2019,1000,90.79,1,2,CDMX Doméstica Media
CDMX,CDMX Doméstica Popular 2019,2019,0,43.23,1,2,CDMX Doméstica Popular
CDMX,CDMX Doméstica Popular 2019,2019,15,0,1,2,CDMX Doméstica Popular
CDMX,CDMX Doméstica Popular 2019,2019,20,3.75,1,2,CDMX Doméstica Popular
CDMX,CDMX Doméstica Popular 2019,2019,30,5.94,1,2,CDMX Doméstica Popular
CDMX,CDMX Doméstica Popular 2019,2019,40,12.12,1,2,CDMX Doméstica Popular
CDMX,CDMX Doméstica Popular 2019,2019,50,17.68,1,2,CDMX Doméstica Popular
CDMX,CDMX Doméstica Popular 2019,2019,70,26.32,1,2,CDMX Doméstica Popular
CDMX,CDMX Doméstica Popular 2019,2019,90,33.38,1,2,CDMX Doméstica Popular
CDMX,CDMX Doméstica Popular 2019,2019,120,57.66,1,2,CDMX Doméstica Popular
CDMX,CDMX Doméstica Popular 2019,2019,1000,90.79,1,2,CDMX Doméstica Popular
CDMX,CDMX No Doméstica 2019,2019,0,194.54,1,2,CDMX No Doméstica
CDMX,CDMX No Doméstica 2019,2019,10,0,1,2,CDMX No Doméstica
CDMX,CDMX No Doméstica 2019,2019,20,24.73,1,2,CDMX No Doméstica
CDMX,CDMX No Doméstica 2019,2019,30,37.09,1,2,CDMX No Doméstica
CDMX,CDMX No Doméstica 2019,2019,50,43.27,1,2,CDMX No Doméstica
CDMX,CDMX No Doméstica 2019,2019,70,49.45,1,2,CDMX No Doméstica
CDMX,CDMX No Doméstica 2019,2019,90,53.32,1,2,CDMX No Doméstica
CDMX,CDMX No Doméstica 2019,2019,120,59.09,1,2,CDMX No Doméstica
CDMX,CDMX No Doméstica 2019,2019,1000,90.79,1,2,CDMX No Doméstica
CDMX,CDMX Doméstica Alta 2020,2020,0,202.23,1,2,CDMX Doméstica Alta
CDMX,CDMX Doméstica Alta 2020,2020,15,0,1,2,CDMX Doméstica Alta
CDMX,CDMX Doméstica Alta 2020,2020,20,22.76,1,2,CDMX Doméstica Alta
CDMX,CDMX Doméstica Alta 2020,2020,30,25.45,1,2,CDMX Doméstica Alta
CDMX,CDMX Doméstica Alta 2020,2020,40,30.21,1,2,CDMX Doméstica Alta
CDMX,CDMX Doméstica Alta 2020,2020,50,32.26,1,2,CDMX Doméstica Alta
CDMX,CDMX Doméstica Alta 2020,2020,70,34.56,1,2,CDMX Doméstica Alta
CDMX,CDMX Doméstica Alta 2020,2020,90,44.94,1,2,CDMX Doméstica Alta
CDMX,CDMX Doméstica Alta 2020,2020,120,59.94,1,2,CDMX Doméstica Alta
CDMX,CDMX Doméstica Alta 2020,2020,1000,94.38,1,2,CDMX Doméstica Alta
CDMX,CDMX Doméstica Baja 2020,2020,0,50.94,1,2,CDMX Doméstica Baja
CDMX,CDMX Doméstica Baja 2020,2020,15,0,1,2,CDMX Doméstica Baja
CDMX,CDMX Doméstica Baja 2020,2020,20,8.69,1,2,CDMX Doméstica Baja
CDMX,CDMX Doméstica Baja 2020,2020,30,11.7,1,2,CDMX Doméstica Baja
CDMX,CDMX Doméstica Baja 2020,2020,40,16.58,1,2,CDMX Doméstica Baja
CDMX,CDMX Doméstica Baja 2020,2020,50,23.26,1,2,CDMX Doméstica Baja
CDMX,CDMX Doméstica Baja 2020,2020,70,29.42,1,2,CDMX Doméstica Baja
CDMX,CDMX Doméstica Baja 2020,2020,90,35.99,1,2,CDMX Doméstica Baja
CDMX,CDMX Doméstica Baja 2020,2020,120,59.94,1,2,CDMX Doméstica Baja
CDMX,CDMX Doméstica Baja 2020,2020,1000,94.38,1,2,CDMX Doméstica Baja
CDMX,CDMX Doméstica Media 2020,2020,0,168.53,1,2,CDMX Doméstica Media
CDMX,CDMX Doméstica Media 2020,2020,15,0,1,2,CDMX Doméstica Media
CDMX,CDMX Doméstica Media 2020,2020,20,21.72,1,2,CDMX Doméstica Media
CDMX,CDMX Doméstica Media 2020,2020,30,23.78,1,2,CDMX Doméstica Media
CDMX,CDMX Doméstica Media 2020,2020,40,28.15,1,2,CDMX Doméstica Media
CDMX,CDMX Doméstica Media 2020,2020,50,30.33,1,2,CDMX Doméstica Media
CDMX,CDMX Doméstica Media 2020,2020,70,33.53,1,2,CDMX Doméstica Media
CDMX,CDMX Doméstica Media 2020,2020,90,44.94,1,2,CDMX Doméstica Media
CDMX,CDMX Doméstica Media 2020,2020,120,59.94,1,2,CDMX Doméstica Media
CDMX,CDMX Doméstica Media 2020,2020,1000,94.38,1,2,CDMX Doméstica Media
CDMX,CDMX Doméstica Popular 2020,2020,0,44.94,1,2,CDMX Doméstica Popular
CDMX,CDMX Doméstica Popular 2020,2020,15,0,1,2,CDMX Doméstica Popular
CDMX,CDMX Doméstica Popular 2020,2020,20,3.89,1,2,CDMX Doméstica Popular
CDMX,CDMX Doméstica Popular 2020,2020,30,6.17,1,2,CDMX Doméstica Popular
CDMX,CDMX Doméstica Popular 2020,2020,40,12.6,1,2,CDMX Doméstica Popular
CDMX,CDMX Doméstica Popular 2020,2020,50,18.38,1,2,CDMX Doméstica Popular
CDMX,CDMX Doméstica Popular 2020,2020,70,27.36,1,2,CDMX Doméstica Popular
CDMX,CDMX Doméstica Popular 2020,2020,90,34.7,1,2,CDMX Doméstica Popular
CDMX,CDMX Doméstica Popular 2020,2020,120,59.94,1,2,CDMX Doméstica Popular
CDMX,CDMX Doméstica Popular 2020,2020,1000,94.38,1,2,CDMX Doméstica Popular
CDMX,CDMX No Doméstica 2020,2020,0,516.81,1,2,CDMX No Doméstica
CDMX,CDMX No Doméstica 2020,2020,10,0,1,2,CDMX No Doméstica
CDMX,CDMX No Doméstica 2020,2020,20,34.46,1,2,CDMX No Doméstica
CDMX,CDMX No Doméstica 2020,2020,30,52.43,1,2,CDMX No Doméstica
CDMX,CDMX No Doméstica 2020,2020,50,52.43,1,2,CDMX No Doméstica
CDMX,CDMX No Doméstica 2020,2020,70,52.43,1,2,CDMX No Doméstica
CDMX,CDMX No Doméstica 2020,2020,90,55.43,1,2,CDMX No Doméstica
CDMX,CDMX No Doméstica 2020,2020,120,61.42,1,2,CDMX No Doméstica
CDMX,CDMX No Doméstica 2020,2020,1000,94.38,1,2,CDMX No Doméstica
CDMX,CDMX Doméstica Alta 2021,2021,0,208.98,1,2,CDMX Doméstica Alta
CDMX,CDMX Doméstica Alta 2021,2021,15,0,1,2,CDMX Doméstica Alta
CDMX,CDMX Doméstica Alta 2021,2021,20,23.52,1,2,CDMX Doméstica Alta
CDMX,CDMX Doméstica Alta 2021,2021,30,26.3,1,2,CDMX Doméstica Alta
CDMX,CDMX Doméstica Alta 2021,2021,40,31.21,1,2,CDMX Doméstica Alta
CDMX,CDMX Doméstica Alta 2021,2021,50,33.34,1,2,CDMX Doméstica Alta
CDMX,CDMX Doméstica Alta 2021,2021,70,35.71,1,2,CDMX Doméstica Alta
CDMX,CDMX Doméstica Alta 2021,2021,90,46.45,1,2,CDMX Doméstica Alta
CDMX,CDMX Doméstica Alta 2021,2021,120,61.94,1,2,CDMX Doméstica Alta
CDMX,CDMX Doméstica Alta 2021,2021,1000,97.53,1,2,CDMX Doméstica Alta
CDMX,CDMX Doméstica Baja 2021,2021,0,52.64,1,2,CDMX Doméstica Baja
CDMX,CDMX Doméstica Baja 2021,2021,15,0,1,2,CDMX Doméstica Baja
CDMX,CDMX Doméstica Baja 2021,2021,20,8.98,1,2,CDMX Doméstica Baja
CDMX,CDMX Doméstica Baja 2021,2021,30,12.09,1,2,CDMX Doméstica Baja
CDMX,CDMX Doméstica Baja 2021,2021,40,17.13,1,2,CDMX Doméstica Baja
CDMX,CDMX Doméstica Baja 2021,2021,50,24.04,1,2,CDMX Doméstica Baja
CDMX,CDMX Doméstica Baja 2021,2021,70,30.4,1,2,CDMX Doméstica Baja
CDMX,CDMX Doméstica Baja 2021,2021,90,37.19,1,2,CDMX Doméstica Baja
CDMX,CDMX Doméstica Baja 2021,2021,120,61.94,1,2,CDMX Doméstica Baja
CDMX,CDMX Doméstica Baja 2021,2021,1000,97.53,1,2,CDMX Doméstica Baja
CDMX,CDMX Doméstica Media 2021,2021,0,174.16,1,2,CDMX Doméstica Media
CDMX,CDMX Doméstica Media 2021,2021,15,0,1,2,CDMX Doméstica Media
CDMX,CDMX Doméstica Media 2021,2021,20,22.45,1,2,CDMX Doméstica Media
CDMX,CDMX Doméstica Media 2021,2021,30,24.57,1,2,CDMX Doméstica Media
CDMX,CDMX Doméstica Media 2021,2021,40,29.09,1,2,CDMX Doméstica Media
CDMX,CDMX Doméstica Media 2021,2021,50,31.35,1,2,CDMX Doméstica Media
CDMX,CDMX Doméstica Media 2021,2021,70,34.65,1,2,CDMX Doméstica Media
CDMX,CDMX Doméstica Media 2021,2021,90,46.45,1,2,CDMX Doméstica Media
CDMX,CDMX Doméstica Media 2021,2021,120,61.94,1,2,CDMX Doméstica Media
CDMX,CDMX Doméstica Media 2021,2021,1000,97.53,1,2,CDMX Doméstica Media
CDMX,CDMX Doméstica Popular 2021,2021,0,46.44,1,2,CDMX Doméstica Popular
CDMX,CDMX Doméstica Popular 2021,2021,15,0,1,2,CDMX Doméstica Popular
CDMX,CDMX Doméstica Popular 2021,2021,20,4.02,1,2,CDMX Doméstica Popular
CDMX,CDMX Doméstica Popular 2021,2021,30,6.38,1,2,CDMX Doméstica Popular
CDMX,CDMX Doméstica Popular 2021,2021,40,13.02,1,2,CDMX Doméstica Popular
CDMX,CDMX Doméstica Popular 2021,2021,50,18.99,1,2,CDMX Doméstica Popular
CDMX,CDMX Doméstica Popular 2021,2021,70,28.28,1,2,CDMX Doméstica Popular
CDMX,CDMX Doméstica Popular 2021,2021,90,35.86,1,2,CDMX Doméstica Popular
CDMX,CDMX Doméstica Popular 2021,2021,120,61.94,1,2,CDMX Doméstica Popular
CDMX,CDMX Doméstica Popular 2021,2021,1000,97.53,1,2,CDMX Doméstica Popular
CDMX,CDMX No Doméstica 2021,2021,0,534.07,1,2,CDMX No Doméstica
CDMX,CDMX No Doméstica 2021,2021,10,0,1,2,CDMX No Doméstica
CDMX,CDMX No Doméstica 2021,2021,20,35.61,1,2,CDMX No Doméstica
CDMX,CDMX No Doméstica 2021,2021,30,54.18,1,2,CDMX No Doméstica
CDMX,CDMX No Doméstica 2021,2021,50,54.18,1,2,CDMX No Doméstica
CDMX,CDMX No Doméstica 2021,2021,70,54.18,1,2,CDMX No Doméstica
CDMX,CDMX No Doméstica 2021,2021,90,57.28,1,2,CDMX No Doméstica
CDMX,CDMX No Doméstica 2021,2021,120,63.47,1,2,CDMX No Doméstica
CDMX,CDMX No Doméstica 2021,2021,1000,97.53,1,2,CDMX No Doméstica
CDMX,CDMX Doméstica Alta 2022,2022,0,219.43,1,2,CDMX Doméstica Alta
CDMX,CDMX Doméstica Alta 2022,2022,15,0,1,2,CDMX Doméstica Alta
CDMX,CDMX Doméstica Alta 2022,2022,20,24.7,1,2,CDMX Doméstica Alta
CDMX,CDMX Doméstica Alta 2022,2022,30,27.61,1,2,CDMX Doméstica Alta
CDMX,CDMX Doméstica Alta 2022,2022,40,32.77,1,2,CDMX Doméstica Alta
CDMX,CDMX Doméstica Alta 2022,2022,50,35.01,1,2,CDMX Doméstica Alta
CDMX,CDMX Doméstica Alta 2022,2022,70,37.5,1,2,CDMX Doméstica Alta
CDMX,CDMX Doméstica Alta 2022,2022,90,48.77,1,2,CDMX Doméstica Alta
CDMX,CDMX Doméstica Alta 2022,2022,120,65.05,1,2,CDMX Doméstica Alta
CDMX,CDMX Doméstica Alta 2022,2022,1000,102.41,1,2,CDMX Doméstica Alta
CDMX,CDMX Doméstica Baja 2022,2022,0,55.27,1,2,CDMX Doméstica Baja
CDMX,CDMX Doméstica Baja 2022,2022,15,0,1,2,CDMX Doméstica Baja
CDMX,CDMX Doméstica Baja 2022,2022,20,9.43,1,2,CDMX Doméstica Baja
CDMX,CDMX Doméstica Baja 2022,2022,30,12.69,1,2,CDMX Doméstica Baja
CDMX,CDMX Doméstica Baja 2022,2022,40,17.99,1,2,CDMX Doméstica Baja
CDMX,CDMX Doméstica Baja 2022,2022,50,25.24,1,2,CDMX Doméstica Baja
CDMX,CDMX Doméstica Baja 2022,2022,70,31.92,1,2,CDMX Doméstica Baja
CDMX,CDMX Doméstica Baja 2022,2022,90,39.05,1,2,CDMX Doméstica Baja
CDMX,CDMX Doméstica Baja 2022,2022,120,65.05,1,2,CDMX Doméstica Baja
CDMX,CDMX Doméstica Baja 2022,2022,1000,102.41,1,2,CDMX Doméstica Baja
CDMX,CDMX Doméstica Media 2022,2022,0,182.87,1,2,CDMX Doméstica Media
CDMX,CDMX Doméstica Media 2022,2022,15,0,1,2,CDMX Doméstica Media
CDMX,CDMX Doméstica Media 2022,2022,20,23.57,1,2,CDMX Doméstica Media
CDMX,CDMX Doméstica Media 2022,2022,30,25.8,1,2,CDMX Doméstica Media
CDMX,CDMX Doméstica Media 2022,2022,40,30.54,1,2,CDMX Doméstica Media
CDMX,CDMX Doméstica Media 2022,2022,50,32.91,1,2,CDMX Doméstica Media
CDMX,CDMX Doméstica Media 2022,2022,70,36.38,1,2,CDMX Doméstica Media
CDMX,CDMX Doméstica Media 2022,2022,90,48.77,1,2,CDMX Doméstica Media
CDMX,CDMX Doméstica Media 2022,2022,120,65.05,1,2,CDMX Doméstica Media
CDMX,CDMX Doméstica Media 2022,2022,1000,102.41,1,2,CDMX Doméstica Media
CDMX,CDMX Doméstica Popular 2022,2022,0,48.76,1,2,CDMX Doméstica Popular
CDMX,CDMX Doméstica Popular 2022,2022,15,0,1,2,CDMX Doméstica Popular
CDMX,CDMX Doméstica Popular 2022,2022,20,4.23,1,2,CDMX Doméstica Popular
CDMX,CDMX Doméstica Popular 2022,2022,30,6.69,1,2,CDMX Doméstica Popular
CDMX,CDMX Doméstica Popular 2022,2022,40,13.67,1,2,CDMX Doméstica Popular
CDMX,CDMX Doméstica Popular 2022,2022,50,19.94,1,2,CDMX Doméstica Popular
CDMX,CDMX Doméstica Popular 2022,2022,70,29.69,1,2,CDMX Doméstica Popular
CDMX,CDMX Doméstica Popular 2022,2022,90,37.66,1,2,CDMX Doméstica Popular
CDMX,CDMX Doméstica Popular 2022,2022,120,65.05,1,2,CDMX Doméstica Popular
CDMX,CDMX Doméstica Popular 2022,2022,1000,102.41,1,2,CDMX Doméstica Popular
CDMX,CDMX No Doméstica 2022,2022,0,560.77,1,2,CDMX No Doméstica
CDMX,CDMX No Doméstica 2022,2022,10,0,1,2,CDMX No Doméstica
CDMX,CDMX No Doméstica 2022,2022,20,37.39,1,2,CDMX No Doméstica
CDMX,CDMX No Doméstica 2022,2022,30,56.89,1,2,CDMX No Doméstica
CDMX,CDMX No Doméstica 2022,2022,50,56.89,1,2,CDMX No Doméstica
CDMX,CDMX No Doméstica 2022,2022,70,56.89,1,2,CDMX No Doméstica
CDMX,CDMX No Doméstica 2022,2022,90,60.14,1,2,CDMX No Doméstica
CDMX,CDMX No Doméstica 2022,2022,120,66.64,1,2,CDMX No Doméstica
CDMX,CDMX No Doméstica 2022,2022,1000,102.41,1,2,CDMX No Doméstica
CDMX,CDMX Doméstica Alta 2023,2023,0,229.75,1,2,CDMX Doméstica Alta
CDMX,CDMX Doméstica Alta 2023,2023,15,0,1,2,CDMX Doméstica Alta
CDMX,CDMX Doméstica Alta 2023,2023,20,25.86,1,2,CDMX Doméstica Alta
CDMX,CDMX Doméstica Alta 2023,2023,30,28.91,1,2,CDMX Doméstica Alta
CDMX,CDMX Doméstica Alta 2023,2023,40,34.32,1,2,CDMX Doméstica Alta
CDMX,CDMX Doméstica Alta 2023,2023,50,36.65,1,2,CDMX Doméstica Alta
CDMX,CDMX Doméstica Alta 2023,2023,70,39.26,1,2,CDMX Doméstica Alta
CDMX,CDMX Doméstica Alta 2023,2023,90,51.06,1,2,CDMX Doméstica Alta
CDMX,CDMX Doméstica Alta 2023,2023,120,68.1,1,2,CDMX Doméstica Alta
CDMX,CDMX Doméstica Alta 2023,2023,1000,107.22,1,2,CDMX Doméstica Alta
CDMX,CDMX Doméstica Baja 2023,2023,0,57.87,1,2,CDMX Doméstica Baja
CDMX,CDMX Doméstica Baja 2023,2023,15,0,1,2,CDMX Doméstica Baja
CDMX,CDMX Doméstica Baja 2023,2023,20,9.87,1,2,CDMX Doméstica Baja
CDMX,CDMX Doméstica Baja 2023,2023,30,13.29,1,2,CDMX Doméstica Baja
CDMX,CDMX Doméstica Baja 2023,2023,40,18.84,1,2,CDMX Doméstica Baja
CDMX,CDMX Doméstica Baja 2023,2023,50,26.43,1,2,CDMX Doméstica Baja
CDMX,CDMX Doméstica Baja 2023,2023,70,33.42,1,2,CDMX Doméstica Baja
CDMX,CDMX Doméstica Baja 2023,2023,90,40.89,1,2,CDMX Doméstica Baja
CDMX,CDMX Doméstica Baja 2023,2023,120,68.1,1,2,CDMX Doméstica Baja
CDMX,CDMX Doméstica Baja 2023,2023,1000,107.22,1,2,CDMX Doméstica Baja
CDMX,CDMX Doméstica Media 2023,2023,0,191.47,1,2,CDMX Doméstica Media
CDMX,CDMX Doméstica Media 2023,2023,15,0,1,2,CDMX Doméstica Media
CDMX,CDMX Doméstica Media 2023,2023,20,24.68,1,2,CDMX Doméstica Media
CDMX,CDMX Doméstica Media 2023,2023,30,27.02,1,2,CDMX Doméstica Media
CDMX,CDMX Doméstica Media 2023,2023,40,31.98,1,2,CDMX Doméstica Media
CDMX,CDMX Doméstica Media 2023,2023,50,34.46,1,2,CDMX Doméstica Media
CDMX,CDMX Doméstica Media 2023,2023,70,38.09,1,2,CDMX Doméstica Media
CDMX,CDMX Doméstica Media 2023,2023,90,51.06,1,2,CDMX Doméstica Media
CDMX,CDMX Doméstica Media 2023,2023,120,68.1,1,2,CDMX Doméstica Media
CDMX,CDMX Doméstica Media 2023,2023,1000,107.22,1,2,CDMX Doméstica Media
CDMX,CDMX Doméstica Popular 2023,2023,0,51.05,1,2,CDMX Doméstica Popular
CDMX,CDMX Doméstica Popular 2023,2023,15,0,1,2,CDMX Doméstica Popular
CDMX,CDMX Doméstica Popular 2023,2023,20,4.42,1,2,CDMX Doméstica Popular
CDMX,CDMX Doméstica Popular 2023,2023,30,7.01,1,2,CDMX Doméstica Popular
CDMX,CDMX Doméstica Popular 2023,2023,40,14.31,1,2,CDMX Doméstica Popular
CDMX,CDMX Doméstica Popular 2023,2023,50,20.88,1,2,CDMX Doméstica Popular
CDMX,CDMX Doméstica Popular 2023,2023,70,31.09,1,2,CDMX Doméstica Popular
CDMX,CDMX Doméstica Popular 2023,2023,90,39.43,1,2,CDMX Doméstica Popular
CDMX,CDMX Doméstica Popular 2023,2023,120,68.1,1,2,CDMX Doméstica Popular
CDMX,CDMX Doméstica Popular 2023,2023,1000,107.22,1,2,CDMX Doméstica Popular
CDMX,CDMX No Doméstica 2023,2023,0,587.13,1,2,CDMX No Doméstica
CDMX,CDMX No Doméstica 2023,2023,10,0,1,2,CDMX No Doméstica
CDMX,CDMX No Doméstica 2023,2023,20,39.15,1,2,CDMX No Doméstica
CDMX,CDMX No Doméstica 2023,2023,30,59.56,1,2,CDMX No Doméstica
CDMX,CDMX No Doméstica 2023,2023,50,59.56,1,2,CDMX No Doméstica
CDMX,CDMX No Doméstica 2023,2023,70,59.56,1,2,CDMX No Doméstica
CDMX,CDMX No Doméstica 2023,2023,90,62.97,1,2,CDMX No Doméstica
CDMX,CDMX No Doméstica 2023,2023,120,69.77,1,2,CDMX No Doméstica
CDMX,CDMX No Doméstica 2023,2023,1000,107.22,1,2,CDMX No Doméstica
